<?xml version="1.0" encoding="UTF-8"?>
<!DOCTYPE hibernate-reverse-engineering PUBLIC "-//Hibernate/Hibernate Reverse Engineering DTD 3.0//EN" "http://hibernate.sourceforge.net/hibernate-reverse-engineering-3.0.dtd">

<hibernate-reverse-engineering>
  <schema-selection match-catalog="MySweetHome" match-schema="dbo"/>
  <table-filter match-name="Property"/>
  <table-filter match-name="Payment"/>
  <table-filter match-name="TypeOfProperty"/>
  <table-filter match-name="DirectoryCategory"/>
  <table-filter match-name="FAQ"/>
  <table-filter match-name="TypeOfService"/>
  <table-filter match-name="BankPolicy"/>
  <table-filter match-name="Administrator"/>
  <table-filter match-name="DirectoryCompany"/>
  <table-filter match-name="Customer"/>
</hibernate-reverse-engineering>
