<?xml version="1.0" encoding="UTF-8"?>
<!DOCTYPE hibernate-configuration PUBLIC "-//Hibernate/Hibernate Configuration DTD 3.0//EN" "http://hibernate.sourceforge.net/hibernate-configuration-3.0.dtd">
<hibernate-configuration>
  <session-factory>
    <property name="hibernate.connection.driver_class">com.microsoft.sqlserver.jdbc.SQLServerDriver</property>
    <property name="hibernate.connection.url">jdbc:sqlserver://localhost:1433;databaseName=MySweetHome</property>
    <property name="hibernate.connection.username">sa</property>
    <property name="hibernate.connection.password">1234567</property>
    <mapping resource="com/mysweethome/dal/entity/TypeOfProperty.hbm.xml"/>
    <mapping resource="com/mysweethome/dal/entity/DirectoryCategory.hbm.xml"/>
    <mapping resource="com/mysweethome/dal/entity/BankPolicy.hbm.xml"/>
    <mapping resource="com/mysweethome/dal/entity/Administrator.hbm.xml"/>
    <mapping resource="com/mysweethome/dal/entity/TypeOfService.hbm.xml"/>
    <mapping resource="com/mysweethome/dal/entity/Property.hbm.xml"/>
    <mapping resource="com/mysweethome/dal/entity/Payment.hbm.xml"/>
    <mapping resource="com/mysweethome/dal/entity/Faq.hbm.xml"/>
    <mapping resource="com/mysweethome/dal/entity/DirectoryCompany.hbm.xml"/>
    <mapping resource="com/mysweethome/dal/entity/Customer.hbm.xml"/>
  </session-factory>
</hibernate-configuration>
