<?xml version="1.0" encoding="UTF-8" ?>
<!DOCTYPE struts PUBLIC
  "-//Apache Software Foundation//DTD Struts Configuration 2.0//EN"
  "http://struts.apache.org/dtds/struts-2.0.dtd">
  
  
<struts>
    <constant name="struts.devMode" value="true"/>
    
    <!-- Admin-->
    <package name="admin" extends="struts-default">
        <result-types>
            <result-type name="tiles" class="org.apache.struts2.views.tiles.TilesResult" />
        </result-types>  
                         
        <!--Admin -->       
        <action name="GoHomePage" class="actionformbean.AdminActionFormBean" method="goHomePage">               
            <result name="success" type="redirect">
                /admin/HomePageAdmin.jsp
            </result>           
        </action>    
        
        <action name="GoLoginAdminRedirect" class="actionformbean.AdminActionFormBean" method="goLoginAdmin">               
            <result name="success">
                /admin/LoginAdmin.jsp
            </result>           
        </action>     
        
        
        <action name="GoLoginAdmin" class="actionformbean.AdminActionFormBean" method="goLoginAdmin">               
            <result name="success">
                /admin/WelComeAdminPage.jsp
            </result>           
        </action>     
              
        <action name="LoginAdmin" class="actionformbean.AdminActionFormBean" 
                method="loginAdminAccess">                  
            <result name="success" type="redirect">
                GoHomePage
            </result>   
            
            <result name="fail">
                /admin/WelComeAdminPage.jsp
            </result>           
        </action>       
        
        <action name="LogOutAdmin" class="actionformbean.AdminActionFormBean" 
                method="logOut">          
            <result name="success">
                /admin/WelComeAdminPage.jsp
            </result>
        </action>
        
        <action name="GoToChangePasswordAdmin" class="actionformbean.AdminActionFormBean" 
                method="goToChangePasswordAdmin">          
            <result name="success" type="tiles">
                changePasswordAdmin
            </result>
        </action>
        
        <action name="ChangePasswordAdmin" class="actionformbean.AdminActionFormBean" 
                method="changePasswordAdmin">          
            <result name="success" type="tiles">
                homePage
            </result>
            
            <result name="fail" type="tiles">
                changePasswordAdmin
            </result>
        </action>        
        
        <!--Manager Customer -->
        <action name="LoadAllCustomer" class="actionformbean.CustomerActionFormBean" 
                method="loadAllCustomer">          
            <result name="success" type="tiles">
                loadAllCustomerAdmin
            </result>
        </action>                           
                        
        <action name="ViewDetailCustomer" class="actionformbean.CustomerActionFormBean" 
                method="goChangeInformation">          
            <result name="success" type="tiles">
                viewDetailCustomer
            </result>
        </action>       
        
        <action name="BlockUser" class="actionformbean.CustomerActionFormBean" 
                method="deleteCustomerAdmin">                        
            <result name="success" type="redirect">
                /admin/LoadAllCustomer
            </result>
        </action>
        
        <action name="SearchCustomer" class="actionformbean.CustomerActionFormBean" 
                method="searchUserByUserAccount" >                        
            <result name="success" type="tiles">
                loadAllCustomerAdmin
            </result>
        </action>
        
        
        <!--Manager Bank Policy -->
        <action name="LoadAllBankPolicyAdmin" class="actionformbean.BankPolicyActionFormBean" 
                method="loadAllBankPolicy">
            <result name="success" type="tiles">
                loadAllBankAdmin
            </result>
        </action>             
                               
        <action name="ViewDetailBankAdmin" class="actionformbean.BankPolicyActionFormBean" 
                method="viewDetailBankPolicy">          
            <result name="success" type="tiles">
                viewDetailBankAdmin
            </result>
        </action>             
        
        <action name="EditBankPolicy" class="actionformbean.BankPolicyActionFormBean" 
                method="editBankPolicy">          
            <result name="success" type="redirect">
                /admin/LoadAllBankPolicyAdmin
            </result>
            
            <result name="fail" type="tiles">
                viewDetailBankAdmin
            </result>
        </action>  
                
        <action name="DeleteBankPolicy" class="actionformbean.BankPolicyActionFormBean" 
                method="deleteBankPolicy">          
            <result name="success" type="redirect">
                /admin/LoadAllBankPolicyAdmin
            </result>
        </action>      
        
        <action name="GoToAddBank" class="actionformbean.BankPolicyActionFormBean" 
                method="goToAddBank">          
            <result name="success" type="tiles">
                addBankPolicy
            </result>
        </action>                 
              
        <action name="AddNewBank" class="actionformbean.BankPolicyActionFormBean" 
                method="addNewBankPolicy">          
            <result name="success" type="redirect">
                /admin/LoadAllBankPolicyAdmin
            </result>
            
            <result name="fail" type="tiles">
                addBankPolicy
            </result>
        </action>   
        
        <!--Manager Property -->      
        <action name="LoadAllPropertyAdmin" class="actionformbean.PropertyActionFormBean" 
                method="loadAllPropertyForAdmin">          
            <result name="success" type="tiles">
                loadAllPropertyAdmin
            </result>
        </action>      
        
        <action name="ViewDetailProAdmin" class="actionformbean.PropertyActionFormBean" 
                method="viewDetailProperty">          
            <result name="success" type="tiles">
                viewDetailPropertyAdmin
            </result>
        </action>      
        
        <action name="EditStatusProperty" class="actionformbean.PropertyActionFormBean" 
                method="editStatusProperty">          
            <result name="success" type="redirect">
                /admin/LoadAllPropertyAdmin
            </result>
            
            <result name="fail" type="tiles">
                viewDetailPropertyAdmin
            </result>
        </action>  
        
        <action name="SearchPropertyAdmin" class="actionformbean.PropertyActionFormBean" 
                method="searchPropertyByPoster" >                        
            <result name="success" type="tiles">
                loadAllPropertyAdmin
            </result>
            
            <result name="fail" type="tiles">
                loadAllPropertyAdmin
            </result>
        </action>               
                        
        <!--Manager Payment Method -->
        <action name="LoadAllPaymentMethod" class="actionformbean.PaymentActionFormBean" 
                method="loadAllPaymentMethod">          
            <result name="success" type="tiles">
                loadPaymentMethodAdmin
            </result>
        </action>   
        
        <action name="ViewDetailPaymentMethod" class="actionformbean.PaymentActionFormBean" 
                method="viewDetailPayment">          
            <result name="success" type="tiles">
                viewDetailPaymentAdmin
            </result>
        </action>   
                             
        <action name="EditPaymentMethod" class="actionformbean.PaymentActionFormBean" 
                method="editPaymentMethod">          
            <result name="success" type="redirect">
                /admin/LoadAllPaymentMethod
            </result>
            <result name="fail" type="tiles">
                viewDetailPaymentAdmin
            </result>
        </action>  
                  
        <action name="GoToAddPayment" class="actionformbean.PaymentActionFormBean" 
                method="goToAddPaymentMethod">          
            <result name="success" type="tiles">
                addNewPaymentMethod
            </result>
        </action>     
          
        <action name="AddNewPaymentMethod" class="actionformbean.PaymentActionFormBean" 
                method="addNewPaymentMethod">          
            <result name="success" type="redirect">
                /admin/LoadAllPaymentMethod
            </result>
            
            <result name="fail" type="tiles">
                addNewPaymentMethod
            </result>
        </action>          
        
        <!--Manager Type Of Property -->
        <action name="LoadAllTypeProAdmin" class="actionformbean.TypeOfPropertyActionFormBean" 
                method="loadAllTypeOfPropertyAdmin">          
            <result name="success" type="tiles">
                loadAllTypeOfPropertyAdmin
            </result>
        </action>         
        
        <action name="ViewDetailTypeProAdmin" class="actionformbean.TypeOfPropertyActionFormBean" 
                method="viewDetailTypeOfProperty">          
            <result name="success" type="tiles">
                viewDetailTypePropertyAdmin
            </result>
        </action>    
        
        <action name="EditTypeProperty" class="actionformbean.TypeOfPropertyActionFormBean" 
                method="updateTypePro">          
            <result name="success" type="redirect">
                /admin/LoadAllTypeProAdmin
            </result>
            
            <result name="fail" type="tiles">
                viewDetailTypePropertyAdmin
            </result>
        </action>    
        
        <action name="GoToAddTypeProperty" class="actionformbean.TypeOfPropertyActionFormBean" 
                method="goAddTypePro">          
            <result name="success" type="tiles">
                addNewTypeOfProperty
            </result>
        </action>  
        
        <action name="AddNewTypeOfProperty" class="actionformbean.TypeOfPropertyActionFormBean" 
                method="addNewTypeOfPro">          
            <result name="success" type="redirect">
                /admin/LoadAllTypeProAdmin
            </result>
            
            <result name="fail" type="tiles">
                addNewTypeOfProperty
            </result>
        </action>  
        
        <!--Manager Type Of Service -->       
        <action name="LoadAllTypeOfServiceAdmin" class="actionformbean.TypeOfServiceActionFormBean" 
                method="loadAllTypeOfServiceAdmin">          
            <result name="success" type="tiles">
                loadAllTypeOfServiceAdmin
            </result>
        </action>      
           
        <action name="ViewDetailTypeOfServiceAdmin" class="actionformbean.TypeOfServiceActionFormBean" 
                method="viewDetailTypeService"> 
            <result name="success" type="tiles">
                viewDetailTypeServiceAdmin
            </result>
        </action>  
        
        <action name="EditTypeService" class="actionformbean.TypeOfServiceActionFormBean" 
                method="updateTypeService">          
            <result name="success" type="redirect">
                /admin/LoadAllTypeOfServiceAdmin
            </result>
            
            <result name="fail" type="tiles">
                viewDetailTypeServiceAdmin
            </result>
        </action>      
          
        <action name="GoToAddTypeService" class="actionformbean.TypeOfServiceActionFormBean" 
                method="goToAddTypeService">          
            <result name="success" type="tiles">
                addNewTypeOfService
            </result>
        </action>     
        
        <action name="AddNewTypeService" class="actionformbean.TypeOfServiceActionFormBean" 
                method="addNewTypeService">          
            <result name="success" type="redirect">
                /admin/LoadAllTypeOfServiceAdmin
            </result>
            
            <result name="fail" type="tiles">
                addNewTypeOfService
            </result>
        </action>     
              
        <!--Manager Directory Category -->      
        <action name="LoadAllDirectoryCategoryAdmin" class="actionformbean.DirectoryCategoryActionFormBean" 
                method="loadAllDirectoryCategoryAdmin">          
            <result name="success" type="tiles">
                loadAllDirectoryCategoryAdmin
            </result>
        </action>      
                 
        <action name="ViewDetailDirectoryCategoryAdmin" class="actionformbean.DirectoryCategoryActionFormBean" 
                method="findDetailDirectoryCategory">          
            <result name="success" type="tiles">
                viewDetailDirectoryCategoryAdmin
            </result>
        </action>  
        
        <action name="EditDirectoryCategory" class="actionformbean.DirectoryCategoryActionFormBean" 
                method="editDirectoryCategory">          
            <result name="success" type="redirect">
                /admin/LoadAllDirectoryCategoryAdmin
            </result>
            
            <result name="fail" type="tiles">
                viewDetailDirectoryCategoryAdmin
            </result>
        </action>  
                       
        <action name="GoToAddDirectoryCategory" class="actionformbean.DirectoryCategoryActionFormBean" 
                method="goToAddDirectoryCategory">          
            <result name="success" type="tiles">
                addNewDirectCategory
            </result>
        </action>
        
        <action name="AddNewDirectoryCategory" class="actionformbean.DirectoryCategoryActionFormBean" 
                method="addNewDirectoryCategory">          
            <result name="success" type="redirect">
                /admin/LoadAllDirectoryCategoryAdmin
            </result>
            
            <result name="fail" type="tiles">
                addNewDirectCategory
            </result>
        </action>       
              
        <!--Manager Directory Company -->     
        <action name="LoadAllDirectoryCompany" class="actionformbean.DirectoryCompanyActionFormBean" 
                method="loadAllDirecroyCompany">          
            <result name="success" type="tiles">
                loadAllDirectoryCompanyAdmin
            </result>
        </action>
        
        <action name="ViewDetailDirectoryCompanyAdmin" class="actionformbean.DirectoryCompanyActionFormBean" 
                method="viewDetailDirectoryCompany">          
            <result name="success" type="tiles">
                viewDetailDirectoryCompanyAdmin
            </result>
        </action>
        
        <action name="EditDirectoryCompany" class="actionformbean.DirectoryCompanyActionFormBean" 
                method="editDirectoryCompany">          
            <result name="success" type="redirect">
                /admin/LoadAllDirectoryCompany
            </result>
            
            <result name="fail" type="tiles">
                viewDetailDirectoryCompanyAdmin
            </result>
        </action>
        
        <action name="GoToAddDirectoryCompany" class="actionformbean.DirectoryCompanyActionFormBean" 
                method="goAddDirectoryCompany">          
            <result name="success" type="tiles">
                addNewDirectoryCompany
            </result>
        </action>
        
        <action name="AddNewDirectoryCompany" class="actionformbean.DirectoryCompanyActionFormBean" 
                method="addNewDirectoryCompany">          
            <result name="success" type="redirect">
                /admin/LoadAllDirectoryCompany
            </result>          
            <result name="fail" type="tiles">
                addNewDirectoryCompany
            </result>
        </action>     
    </package>  
    <!--End of Administrator -->
    
      
    <!--User -->
    <package name="" extends="struts-default">
        <result-types>
            <result-type name="tiles" class="org.apache.struts2.views.tiles.TilesResult" />
        </result-types>       
               
        <action name="GoHomePageUser" class="actionformbean.CustomerActionFormBean" 
                method="goHomePage">          
            <result name="success" type="tiles">
                homePageUser
            </result>
        </action>
        
        <action name="GoLoginCustomerRedirect" class="actionformbean.CustomerActionFormBean" 
                method="goLoginCustomer">          
            <result name="success">
                /LoginCustomer.jsp
            </result>
        </action>
     
        <action name="GoLoginCustomer" class="actionformbean.CustomerActionFormBean" 
                method="goLoginCustomer">          
            <result name="success" type="tiles">
                loginUser
            </result>
        </action>
     
        <action name="LoginCustomer" class="actionformbean.CustomerActionFormBean" 
                method="loginCustomer">          
            <result name="success" type="tiles">
                homePageUser
            </result>
            
            <result name="fail" type="tiles">
                loginUser
            </result>
        </action>
            
                                  
        <action name="LogOut" class="actionformbean.CustomerActionFormBean" 
                method="logOut">          
            <result name="success" type="redirect">
                GoHomePageUser
            </result>
        </action>    
        
        <action name="GoToRegister" class="actionformbean.CustomerActionFormBean" 
                method="changeToRegister">          
            <result name="success" type="tiles">
                registerUser
            </result>
        </action>   
                                       
        <action name="RegisterAccess" class="actionformbean.CustomerActionFormBean" 
                method="register">          
            <result name="success" type="redirect">
                GoLoginCustomer
            </result>
            
            <result name="fail" type="tiles">
                registerUser
            </result>
        </action>
        
        <action name="GoToChangePassword" class="actionformbean.CustomerActionFormBean" 
                method="goToChangePass">          
            <result name="success" type="tiles">
                changPasswordUser
            </result>
        </action>
                                                      
        <action name="ChangePasswordProcess" class="actionformbean.CustomerActionFormBean" 
                method="changePassword">          
            <result name="success" type="redirect">
                GoLoginCustomer
            </result>
            
            <result name="fail" type="tiles">
                changPasswordUser
            </result>
        </action>
        
        <action name="GoToEdit" class="actionformbean.CustomerActionFormBean" 
                method="goChangeInformation">          
            <result name="success" type="tiles">
                changeInfomation
            </result>
        </action>   
        
        <action name="ChangeInformationCus" class="actionformbean.CustomerActionFormBean" 
                method="updateInformationCustomer">          
            <result name="success" type="redirect">
                GoHomePageUser
            </result>
        </action>  
        
        <action name="goAboutUs" class="actionformbean.CustomerActionFormBean" 
                method="goAboutUs">          
            <result name="success" type="tiles">
                aboutUs
            </result>
        </action>
        
        <!--FAQ User -->
        <action name="GoToSendFAQ" class="actionformbean.FAQActionFormBean" 
                method="goToFAQ">          
            <result name="success" type="tiles">
                sendFAQ
            </result>
        </action>
          
           
        <!--Bank Policy -->   
        <action name="LoadAllBankPolicy" class="actionformbean.BankPolicyActionFormBean" 
                method="loadAllBankPolicy">          
            <result name="success" type="tiles">
                viewBankPolicy
            </result>
        </action>
             
        <action name="ViewDetailBankPolicy" class="actionformbean.BankPolicyActionFormBean" 
                method="viewDetailBankPolicy">          
            <result name="success" type="tiles">
                viewDetailBankPolicy
            </result>
        </action>  
        
        <!--Directory Category -->
        <action name="LoadAllDirectoryCategory" class="actionformbean.DirectoryCategoryActionFormBean" 
                method="loadAllDirectoryCategory">          
            <result name="success" type="tiles">
                viewDetailDirectoryCategory
            </result>
        </action>      
        
        <action name="ViewDetailDirectoryCategory" class="actionformbean.DirectoryCompanyActionFormBean" 
                method="loadAllDirectoryCompnayByDirectCateID"> 
            <result name="success" type="tiles">
                viewCompany
            </result>
            
            <result name="fail" type="tiles">
                viewCompany
            </result>
        </action>      
        
        <action name="ViewDetailDirectoryCompany" class="actionformbean.DirectoryCompanyActionFormBean" 
                method="viewDetailDirectoryCompany">          
            <result name="success" type="tiles">
                viewDetailCompany
            </result>
        </action>    
        
        <!--Property -->            
        <action name="LoadAllProperty" class="actionformbean.PropertyActionFormBean" 
                method="loadAllProperty" >          
            <result name="success" type="tiles">
                loadAllproperty
            </result>
        </action>  
                  
        <action name="ViewDetailProperty" class="actionformbean.PropertyActionFormBean" 
                method="viewDetailProperty">          
            <result name="success" type="tiles">
                viewDetailProperty
            </result>
        </action>  
        
        <action name="SendFAQProcess" class="actionformbean.PropertyActionFormBean" 
                method="postFaq">          
            <result name="success" type="tiles">
                viewDetailProperty
            </result>
            
            <result name="fail" type="tiles">
                viewDetailProperty
            </result>
        </action>  
        
        <action name="ViewUserPro" class="actionformbean.PropertyActionFormBean" 
                method="viewUserProperty">          
            <result name="success" type="tiles">
                viewUserProperty
            </result>
            
            <result name="fail" type="tiles">
                viewUserProperty
            </result>
        </action>    
        
        <action name="GoEditPropertyUser" class="actionformbean.PropertyActionFormBean" 
                method="goEditPropertyForUser">          
            <result name="success" type="tiles">
                editPropertyUser
            </result>
        </action>    
        
                
        <action name="SendFAQFollowPropertyOfUser" class="actionformbean.PropertyActionFormBean" 
                method="postFaq">          
            <result name="success" type="tiles">
                editPropertyUser
            </result>
        </action>  
        
        <action name="EditPropertyUser" class="actionformbean.PropertyActionFormBean" 
                method="editPropertyUser">          
            <result name="success" type="tiles">
                viewUserProperty
            </result>
            
            <result name="fail" type="tiles">
                editPropertyUser
            </result>
        </action>    
        
        <action name="GoInsertAdvertisement" class="actionformbean.PropertyActionFormBean" 
                method="goToChooseTypeService">          
            <result name="success" type="tiles">
                chooseTypeOfService
            </result>
        </action>  
        
        <action name="GoInsertHouseForSales" class="actionformbean.PropertyActionFormBean" 
                method="goToCreateAdvertisement">          
            <result name="success" type="tiles">
                createSellHouse
            </result>
            <result name="fail" type="tiles">
                createSellHouse
            </result>
        </action>  
        
        <action name="InsertHouseForSales" class="actionformbean.PropertyActionFormBean" 
                method="addNewHouseForSales">          
            <result name="success" type="redirect">
                LoadAllProperty
            </result>
            
            <result name="fail" type="tiles">
                createSellHouse
            </result>
        </action>  
        
        <action name="GoInsertHouseForRent" class="actionformbean.PropertyActionFormBean" 
                method="goToCreateRentHouse" >          
            <result name="success" type="tiles">
                createRentHouse
            </result>
            <result name="fail" type="tiles">
                createRentHouse
            </result>
        </action>  
        
        <action name="InsertHouseForRent" class="actionformbean.PropertyActionFormBean" 
                method="insertHouseForRent">          
            <result name="success" type="redirect">
                LoadAllProperty
            </result>          
            <result name="fail" type="tiles">
                createRentHouse
            </result>
        </action> 
        
        <action name="GoCreateAccommodationOnRental" class="actionformbean.PropertyActionFormBean" 
                method="goToCreateRentHouse">          
            <result name="success" type="tiles">
                createAccommodationOnRental
            </result>
            <result name="fail" type="tiles">
                createAccommodationOnRental
            </result>
        </action>  
        
        <action name="InsertAccommodationOnRental" class="actionformbean.PropertyActionFormBean" 
                method="insertAccommodationOnRental">          
            <result name="success" type="redirect">
                LoadAllProperty
            </result>
            
            <result name="fail" type="tiles">
                createAccommodationOnRental
            </result>
        </action>  
        
        <action name="GoAccommodationAsAPayingGuest" class="actionformbean.PropertyActionFormBean" 
                method="goAccommodationAsAPayingGuest">          
            <result name="success" type="tiles">
                createAccomondationPayingGuest
            </result>
                                   
            <result name="fail" type="tiles">
                createAccomondationPayingGuest
            </result>
        </action>  
        
        <action name="InsertAccommodationAsAPayingGuest" class="actionformbean.PropertyActionFormBean" 
                method="insertAccommodationAsAPayingGuest">          
            <result name="success" type="redirect">
                LoadAllProperty
            </result>
            <result name="fail" type="tiles">
                createAccomondationPayingGuest
            </result>
        </action>  
        
        <action name="GoFindHouseForSales" class="actionformbean.PropertyActionFormBean" 
                method="goFindHouseSales">          
            <result name="success" type="tiles">
                findSellHouse
            </result>
        </action>  
        
        <action name="FindHouseForSales" class="actionformbean.PropertyActionFormBean" 
                method="findHouseForSales">          
            <result name="success" type="tiles">
                loadSearchProperty
            </result>
            
            <result name="fail" type="tiles">
                findSellHouse
            </result>
        </action>  
        
        <action name="GoFindHouseForRent" class="actionformbean.PropertyActionFormBean" 
                method="goFindHouseForRent">          
            <result name="success" type="tiles">
                findRentHOuse
            </result>
        </action>  
        
        <action name="FindHouseForRent" class="actionformbean.PropertyActionFormBean" 
                method="findHouseForRent">          
            <result name="success" type="tiles">
                loadSearchProperty
            </result>
            
            <result name="fail" type="tiles">
                findRentHOuse
            </result>
        </action>  
        
        <action name="GoFindAccommodationOnRental" class="actionformbean.PropertyActionFormBean" 
                method="goFindAccommodationOnRental">          
            <result name="success" type="tiles">
                findRental
            </result>
        </action> 
        
        <action name="FindAccommodationOnRental" class="actionformbean.PropertyActionFormBean" 
                method="findAccommodationOnRental">          
            <result name="success" type="tiles">
                loadSearchProperty
            </result>
            
            <result name="fail" type="tiles">
                findRental
            </result>
        </action>  
        
        
        <action name="GoFindAccommodationAsAPayingGuest" class="actionformbean.PropertyActionFormBean" 
                method="goFindAccommodationAsAPayingGuest">          
            <result name="success" type="tiles">
                findPayingGuest
            </result>
        </action> 
        
        <action name="FindAccommodationAsAPayingGuest" class="actionformbean.PropertyActionFormBean" 
                method="findAccommodationAsAPayingGuest">          
            <result name="success" type="tiles">
                loadSearchProperty
            </result>
            
            <result name="fail" type="tiles">
                findPayingGuest
            </result>
        </action>  
        
        
                                                  
        <!--Type of Property -->
        <action name="LoadAllTypeOfProperty" class="actionformbean.TypeOfPropertyActionFormBean" 
                method="loadAllTypeOfProperty">          
            <result name="success" type="tiles">
                loadPropertyByTypePro
            </result>
        </action>
                                 
        <action name="ViewDetailTypeOfProperty" class="actionformbean.PropertyActionFormBean" 
                method="listPropertyByTypeOfProperty">          
            <result name="success" type="tiles">
                loadSearchProperty
            </result>
            
            <result name="fail" type="tiles">
                loadSearchProperty
            </result>
        </action>      
        
        <!--Type Of Service -->   
        <action name="LoadAllTypeOfService" class="actionformbean.TypeOfServiceActionFormBean" 
                method="loadAllTypeOfService">          
            <result name="success" type="tiles">
                loadPropertyByTypeService
            </result>
        </action>
        
        <action name="ViewDetailTypeOfService" class="actionformbean.PropertyActionFormBean" 
                method="listPropertyByTypeOfService">          
            <result name="success" type="tiles">
                loadAllproperty
            </result>
        </action> 
       
    </package>  
</struts>