<?xml version="1.0" encoding="UTF-8"?>

<!DOCTYPE tiles-definitions PUBLIC
   "-//Apache Software Foundation//DTD Tiles Configuration 2.0//EN"
   "http://tiles.apache.org/dtds/tiles-config_2_0.dtd">

<tiles-definitions>
    <!-- Tiles Adminnistrator -->
    <definition name="baseLayout" template="template.jsp">
        <put-attribute name="title"  value="Template page"/>
        <put-attribute name="body"   value="/body.jsp"/>       
    </definition>
    
    <definition name="homePage" extends="baseLayout">
        <put-attribute name="title"  value="Admin Home Page"/>
        <put-attribute name="body"   value="/admin/HomePageAdmin.jsp"/>           
    </definition>
    
    <definition name="loginAdmin" extends="baseLayout">
        <put-attribute name="title"  value="Login Admin"/>
        <put-attribute name="body"   value="/admin/LoginAdmin.jsp"/>           
    </definition>
    
    <definition name="changePasswordAdmin" extends="baseLayout">
        <put-attribute name="title"  value="Change Password Admin"/>
        <put-attribute name="body"   value="/admin/ChangePasswordAdmin.jsp"/>           
    </definition>
    
    <definition name="addBankPolicy" extends="baseLayout">
        <put-attribute name="title"  value="Add New Bank"/>
        <put-attribute name="body"   value="/admin/AddNewBankPolicy.jsp"/>           
    </definition>
    
    <definition name="addNewDirectCategory" extends="baseLayout">
        <put-attribute name="title"  value="Add New Directory Category"/>
        <put-attribute name="body"   value="/admin/AddNewDirectoryCategory.jsp"/>           
    </definition>

    <definition name="addNewDirectoryCompany" extends="baseLayout">
        <put-attribute name="title"  value="Add New Directory Company"/>
        <put-attribute name="body"   value="/admin/AddNewDirectoryCompany.jsp"/>           
    </definition>
    
    <definition name="addNewPaymentMethod" extends="baseLayout">
        <put-attribute name="title"  value="Add New Payment Method"/>
        <put-attribute name="body"   value="/admin/AddNewPaymentMethod.jsp"/>           
    </definition>
        
    <definition name="addNewTypeOfProperty" extends="baseLayout">
        <put-attribute name="title"  value="Add New Type Of Property"/>
        <put-attribute name="body"   value="/admin/AddNewTypeOfProperty.jsp"/>           
    </definition>
    
    <definition name="addNewTypeOfService" extends="baseLayout">
        <put-attribute name="title"  value="Add New Type Of Service"/>
        <put-attribute name="body"   value="/admin/AddNewTypeOfService.jsp"/>           
    </definition>
    
    <definition name="loadAllBankAdmin" extends="baseLayout">
        <put-attribute name="title"  value="Manager Bank Policy"/>
        <put-attribute name="body"   value="/admin/ManagerBankPolicy.jsp"/>           
    </definition>
    
    <definition name="loadAllCustomerAdmin" extends="baseLayout">
        <put-attribute name="title"  value="Manager Customer"/>
        <put-attribute name="body"   value="/admin/ManagerCustomer.jsp"/>           
    </definition>
    
    <definition name="loadAllDirectoryCategoryAdmin" extends="baseLayout">
        <put-attribute name="title"  value="Manager Directory Category"/>
        <put-attribute name="body"   value="/admin/ManagerDirectoryCategory.jsp"/>           
    </definition>

    <definition name="loadAllDirectoryCompanyAdmin" extends="baseLayout">
        <put-attribute name="title"  value="Manager Directory Company"/>
        <put-attribute name="body"   value="/admin/ManagerDirectoryCompany.jsp"/>           
    </definition>
    
    <definition name="loadPaymentMethodAdmin" extends="baseLayout">
        <put-attribute name="title"  value="Manager Payment Method"/>
        <put-attribute name="body"   value="/admin/ManagerPaymentMethod.jsp"/>           
    </definition>
        
    <definition name="loadAllPropertyAdmin" extends="baseLayout">
        <put-attribute name="title"  value="Manager Property"/>
        <put-attribute name="body"   value="/admin/ManagerProperty.jsp"/>           
    </definition>
    
    <definition name="loadAllTypeOfPropertyAdmin" extends="baseLayout">
        <put-attribute name="title"  value="Manager Type Of Property"/>
        <put-attribute name="body"   value="/admin/MangerTypeOfProperty.jsp"/>           
    </definition>
    
    <definition name="loadAllTypeOfServiceAdmin" extends="baseLayout">
        <put-attribute name="title"  value="Manager Type Of Service"/>
        <put-attribute name="body"   value="/admin/MangerTypeOfService.jsp"/>           
    </definition>
    
    <definition name="viewDetailBankAdmin" extends="baseLayout">
        <put-attribute name="title"  value="View Detail Bank"/>
        <put-attribute name="body"   value="/admin/ViewDetailBankPolicy.jsp"/>           
    </definition>
    
    <definition name="viewDetailCustomer" extends="baseLayout">
        <put-attribute name="title"  value="View Detail Customer"/>
        <put-attribute name="body"   value="/admin/ViewDetailCustomer.jsp"/>           
    </definition>
    
    <definition name="viewDetailDirectoryCategoryAdmin" extends="baseLayout">
        <put-attribute name="title"  value="View Detail Directory Category"/>
        <put-attribute name="body"   value="/admin/ViewDetailDirectoryCategory.jsp"/>           
    </definition>
    
    <definition name="viewDetailDirectoryCompanyAdmin" extends="baseLayout">
        <put-attribute name="title"  value="View Detail Directory Company"/>
        <put-attribute name="body"   value="/admin/ViewDetailDirectoryCompany.jsp"/>           
    </definition>
    
    <definition name="viewDetailPaymentAdmin" extends="baseLayout">
        <put-attribute name="title"  value="View Detail Payment Method"/>
        <put-attribute name="body"   value="/admin/ViewDetailPaymentMethod.jsp"/>           
    </definition>
    
    <definition name="viewDetailPropertyAdmin" extends="baseLayout">
        <put-attribute name="title"  value="View Detail Property"/>
        <put-attribute name="body"   value="/admin/ViewDetailPropertyAdmin.jsp"/>           
    </definition>
    
    <definition name="viewDetailTypePropertyAdmin" extends="baseLayout">
        <put-attribute name="title"  value="View Detail Type Of Property"/>
        <put-attribute name="body"   value="/admin/ViewDetailTypeOfProperty.jsp"/>           
    </definition>
    
    <definition name="viewDetailTypeServiceAdmin" extends="baseLayout">
        <put-attribute name="title"  value="View Detail Property"/>
        <put-attribute name="body"   value="/admin/ViewDetailTypeOfService.jsp"/>           
    </definition>
 
    <!-- Tiles User -->
    <definition name="baseLayoutUser" template="tiles/TemplateUser.jsp">
        <put-attribute name="title"  value="Template page"/>
        <put-attribute name="top"   value="/tiles/top.jsp"/>          
        <put-attribute name="header"   value="/tiles/header.jsp"/>
        <put-attribute name="menu"   value="/tiles/menu.jsp"/>
        <put-attribute name="body"   value="/tiles/body.jsp"/>      
        <put-attribute name="leftcontent"   value="/tiles/leftcontent.jsp"/>     
        <put-attribute name="rightcontent"   value="/tiles/rightcontent.jsp"/>     
        <put-attribute name="footer"   value="/tiles/footer.jsp"/>     
    </definition>
        
    <definition name="homePageUser" extends="baseLayoutUser">
        <put-attribute name="title"  value="Home Page"/>
        <put-attribute name="body"   value="/HomePageUser.jsp"/>           
    </definition> 
              
    <definition name="loginUser" extends="baseLayoutUser">
        <put-attribute name="title"  value="Login"/>
        <put-attribute name="body"   value="/LoginCustomer.jsp"/>           
    </definition> 
    
    <definition name="aboutUs" extends="baseLayoutUser">
        <put-attribute name="title"  value="About us"/>
        <put-attribute name="body"   value="/AboutUs.jsp"/>           
    </definition> 
    
    <definition name="changeInfomation" extends="baseLayoutUser">
        <put-attribute name="title"  value="Change Information"/>
        <put-attribute name="body"   value="/ChangeInformationCustomer.jsp"/>           
    </definition> 
    
    <definition name="changPasswordUser" extends="baseLayoutUser">
        <put-attribute name="title"  value="Change Password"/>
        <put-attribute name="body"   value="/ChangePasswordCustomer.jsp"/>           
    </definition> 
    
    <definition name="chooseTypeOfService" extends="baseLayoutUser">
        <put-attribute name="title"  value="Choose Service"/>
        <put-attribute name="body"   value="/ChooseTypeOfService.jsp"/>           
    </definition> 
    
    <definition name="createAccomondationPayingGuest" extends="baseLayoutUser">
        <put-attribute name="title"  value="Create Accommodation As A Paying Guest"/>
        <put-attribute name="body"   value="/CreateAccommodationAsAPayingGuest.jsp"/>           
    </definition> 
    
    <definition name="createAccommodationOnRental" extends="baseLayoutUser">
        <put-attribute name="title"  value="Create Accommodation Rent"/>
        <put-attribute name="body"   value="/CreateAccommodationOnRental.jsp"/>           
    </definition> 
    
    <definition name="createRentHouse" extends="baseLayoutUser">
        <put-attribute name="title"  value="Create Rent House"/>
        <put-attribute name="body"   value="/CreateRentHouse.jsp"/>           
    </definition> 
    
    <definition name="createSellHouse" extends="baseLayoutUser">
        <put-attribute name="title"  value="Create Sell House"/>
        <put-attribute name="body"   value="/CreateSellHouse.jsp"/>           
    </definition> 
    
    <definition name="findPayingGuest" extends="baseLayoutUser">
        <put-attribute name="title"  value="Find Accommondation As A Paying Guest"/>
        <put-attribute name="body"   value="/FindAccommodationAsAPayingGuest.jsp"/>           
    </definition> 
    
    <definition name="findRental" extends="baseLayoutUser">
        <put-attribute name="title"  value="Find Accommondation Rental"/>
        <put-attribute name="body"   value="/FindAccommodationOnRental.jsp"/>           
    </definition> 
    
    <definition name="findRentHOuse" extends="baseLayoutUser">
        <put-attribute name="title"  value="Find House For Rent"/>
        <put-attribute name="body"   value="/FindHouseForRent.jsp"/>           
    </definition> 
    
    <definition name="findSellHouse" extends="baseLayoutUser">
        <put-attribute name="title"  value="Find House For Sales"/>
        <put-attribute name="body"   value="/FindHouseForSales.jsp"/>           
    </definition> 
    
    <definition name="loadPropertyByTypePro" extends="baseLayoutUser">
        <put-attribute name="title"  value="Loadd Property By Type Property"/>
        <put-attribute name="body"   value="/ListPropertyByTypeOfProperty.jsp"/>           
    </definition> 
    
    <definition name="loadPropertyByTypeService" extends="baseLayoutUser">
        <put-attribute name="title"  value="Load Property By Service"/>
        <put-attribute name="body"   value="/ListPropertyByTypeOfService.jsp"/>           
    </definition> 
    
    <definition name="loadAllproperty" extends="baseLayoutUser">
        <put-attribute name="title"  value="Load Property"/>
        <put-attribute name="body"   value="/LoadAllProperty.jsp"/>           
    </definition>
    
    <definition name="loadSearchProperty" extends="baseLayoutUser">
        <put-attribute name="title"  value="Load Property"/>
        <put-attribute name="body"   value="/LoadPropertySearch.jsp"/>           
    </definition>
    
    <definition name="registerUser" extends="baseLayoutUser">
        <put-attribute name="title"  value="Register Member"/>
        <put-attribute name="body"   value="/Register.jsp"/>           
    </definition>
    
    <definition name="sendFAQ" extends="baseLayoutUser">
        <put-attribute name="title"  value="Send FAQ"/>
        <put-attribute name="body"   value="/SendFAQ.jsp"/>           
    </definition>
    
    <definition name="viewDetailDirectoryCategory" extends="baseLayoutUser">
        <put-attribute name="title"  value="View Detail Category"/>
        <put-attribute name="body"   value="/ViewAllDirectoryCategory.jsp"/>           
    </definition>
    
    <definition name="viewBankPolicy" extends="baseLayoutUser">
        <put-attribute name="title"  value="View Bank Policy"/>
        <put-attribute name="body"   value="/ViewBankPolicy.jsp"/>           
    </definition>
    
    <definition name="viewDetailBankPolicy" extends="baseLayoutUser">
        <put-attribute name="title"  value="View Detail Bank Policy"/>
        <put-attribute name="body"   value="/ViewDetailBankPolicy.jsp"/>           
    </definition>
    
    <definition name="viewDetailCompany" extends="baseLayoutUser">
        <put-attribute name="title"  value="View Detail Company"/>
        <put-attribute name="body"   value="/ViewDetailDirectoryCompany.jsp"/>           
    </definition>
    
    <definition name="viewDetailProperty" extends="baseLayoutUser">
        <put-attribute name="title"  value="View Detail Property"/>
        <put-attribute name="body"   value="/ViewDetailProperty.jsp"/>           
    </definition>
    
    <definition name="viewCompany" extends="baseLayoutUser">
        <put-attribute name="title"  value="View Directory Company"/>
        <put-attribute name="body"   value="/ViewDirectoryCompany.jsp"/>           
    </definition>
    
    <definition name="viewUserProperty" extends="baseLayoutUser">
        <put-attribute name="title"  value="Your Advertisement"/>
        <put-attribute name="body"   value="/PropertyOfUser.jsp"/>           
    </definition>
    
    <definition name="editPropertyUser" extends="baseLayoutUser">
        <put-attribute name="title"  value="Edit Your Advertisement"/>
        <put-attribute name="body"   value="/EditPropertyForUser.jsp"/>           
    </definition>
    
</tiles-definitions>