<?xml version="1.0" encoding="UTF-8" ?>
<!DOCTYPE log4j:configuration SYSTEM "log4j.dtd">
<log4j:configuration xmlns:log4j="http://jakarta.apache.org/log4j/">

	<appender name="console" class="org.apache.log4j.ConsoleAppender">
		<param name="Threshold" value="DEBUG"/>
		<layout class="org.apache.log4j.PatternLayout">
			<param name="ConversionPattern" value="%-5p %d{SSS} [%t] %c(%F:%L) - %m%n"/>
		</layout>
	</appender>

	<appender name="default" class="org.apache.log4j.DailyRollingFileAppender">
		<param name="File" value="/home/MePortal/log/ISVToolLicenseManager.log"/>
		<param name="DatePattern" value="'.'yyyyMMdd"/>
		<layout class="org.apache.log4j.PatternLayout">
			<param name="ConversionPattern" value="%d{yyyy/MM/dd HH:mm:ss,SSS} %-5p [%t] %c(%F:%L) - %m%n"/>
		</layout>
	</appender>

	<logger name="ISVToolLicenseManager" additivity="false">
		<level value="info"/>
		<appender-ref ref="default"/>
		<appender-ref ref="console"/>
	</logger>
	<logger name="com.opensymphony.xwork2">
        <level value="OFF" />
    </logger>
        <logger name="org.apache.struts2">
        <level value="OFF" />
    </logger>
    <logger name="freemarker.cache">
        <level value="OFF" />
    </logger>
    <logger name="freemarker.beans">
        <level value="OFF" />
    </logger>
    <logger name="org.apache.ibatis">
        <level value="OFF" />
    </logger>
    <logger name="org.hibernate">
        <level value="OFF" />
    </logger>
	<root>
		<level value="info"/>
		<appender-ref ref="default"/>
		<appender-ref ref="console"/>
	</root>
</log4j:configuration>
