<?xml version="1.0" encoding="UTF-8" ?>
<!DOCTYPE struts PUBLIC
    "-//Apache Software Foundation//DTD Struts Configuration 2.0//EN"
    "http://struts.apache.org/dtds/struts-2.0.dtd">

<struts>
	<constant name="struts.enable.DynamicMethodInvocation" value="false" />
	<constant name="struts.devMode" value="true" />

	<package name="default" extends="struts-default" namespace="/">
						<result-types>
			<result-type name="json" class="org.apache.struts2.json.JSONResult" />
		</result-types>
		<action name="initAction" class="jp.meportal.isv.action.BaseAction"
			method="initAction">
			<result name="success" type="json">
				<param name="noCache">true</param>
				<param name="excludeNullProperties">true</param>
				<param name="enableGZIP">true</param>
				<param name="ignoreHierarchy">false</param>
				<param name="root">action</param>
			</result>
			<result name="error">jsp/error.jsp</result>
			<result name="login" type="redirect">../portal/index.html</result>
		</action>
		
		<!-- exportCSVSumary -->
		<action name="exportCSVSumary" class="jp.meportal.isv.action.ManagerLicenseAction"
			method="exportCSVSumary">
			<result name="success" type="stream">
				<param name="contentType">application/octet-stream</param>
				<param name="inputName">inputFileStream</param>
				<param name="contentDisposition">attachment;filename="${fileNameExport}.csv"</param>
				<param name="bufferSize">1024</param>
			</result>
			<result name="error">jsp/error.jsp</result>
			<result name="login" type="redirect">../portal/index.html</result>
		</action>
		
		<!-- exportCSVSupporterSumary -->
		<action name="exportCSVSupporterSumary" class="jp.meportal.isv.action.ManagerLicenseAction"
			method="exportCSVSupporterSumary">
			<result name="success" type="stream">
				<param name="contentType">application/octet-stream</param>
				<param name="inputName">inputFileStream</param>
				<param name="contentDisposition">attachment;filename="${fileNameExportSupporter}.csv"</param>
				<param name="bufferSize">1024</param>
			</result>
			<result name="error">jsp/error.jsp</result>
			<result name="login" type="redirect">../portal/index.html</result>
		</action>
		
		<!-- load send mail -->
		<action name="loadSendMail" class="jp.meportal.isv.action.SendMailAction"
			method="loadSendMail">
			<result name="error">jsp/error.jsp</result>
			<result name="success">jsp/sendmail/sendMail.jsp</result>
			<result name="login" type="redirect">../portal/index.html</result>
		</action>
		
		<!-- send mail -->
		<action name="sendMail" class="jp.meportal.isv.action.SendMailAction"
			method="sendMail">
			<result name="success" type="json">
				<param name="noCache">true</param>
				<param name="excludeNullProperties">true</param>
				<param name="enableGZIP">true</param>
				<param name="ignoreHierarchy">false</param>
				<param name="root">action</param>
			</result>
			<result name="error">jsp/error.jsp</result>
			<result name="login" type="redirect">../portal/index.html</result>
		</action>
		
		<!-- managerLicense -->
		<action name="managerLicense" class="jp.meportal.isv.action.ManagerLicenseAction"
			method="managerLicense">
			<result name="error">jsp/error.jsp</result>
			<result name="success">jsp/license/managerLicense.jsp</result>
			<result name="login" type="redirect">../portal/index.html</result>
		</action>
		
		<!-- registerlicense -->
		<action name="initRegisterLicense" class="jp.meportal.isv.action.LicenseAction"
			method="registerLicense">
			<result name="error">jsp/error.jsp</result>
			<result name="success">jsp/license/registerLicense.jsp</result>
			<result name="login" type="redirect">../portal/index.html</result>
		</action>
		
		<!-- moreLoadRegisterLicense -->
		<action name="loadAgainRegisterLicense" class="jp.meportal.isv.action.LicenseAction"
			method="moreLoadRegisterLicense">
			<result name="error">jsp/error.jsp</result>
			<result name="success">jsp/license/registerLicense.jsp</result>
			<result name="login" type="redirect">../portal/index.html</result>
		</action>
		
		<action name="updateLicense" class="jp.meportal.isv.action.LicenseAction"
			method="updateLicense">
			<!-- <result name="input" type="json" /> -->
			<result name="success" type="json">
				<param name="noCache">true</param>
				<param name="excludeNullProperties">true</param>
				<param name="enableGZIP">true</param>
				<param name="ignoreHierarchy">false</param>
				<param name="root">action</param>
			</result>
			<result name="error">jsp/error.jsp</result>
			<result name="login" type="redirect">../portal/index.html</result>
		</action>
		
		<!-- approveLicense -->
		<action name="initApprovedLicense" class="jp.meportal.isv.action.ApprovedLicenseAction"
			method="initApproveLicenseAction">
			<result name="error">jsp/error.jsp</result>
			<result name="success">jsp/license/approveOrRejectLicense.jsp</result>
			<result name="login" type="redirect">../portal/index.html</result>
		</action>
		
		<action name="supporterApprovedLicense" class="jp.meportal.isv.action.ApprovedLicenseAction"
			method="processLicenseApproved">
			<result name="error">jsp/error.jsp</result>
			<result name="success" type="redirect">initApprovedLicense</result>
			<result name="login" type="redirect">../portal/index.html</result>
		</action>
		
		<!-- detailLicense -->
		<action name="detailLicense" class="jp.meportal.isv.action.ApprovedLicenseAction"
			method="detailLicense">
			<result name="error">jsp/error.jsp</result>
			<result name="success">jsp/license/detailLicense.jsp</result>
			<result name="login" type="redirect">../portal/index.html</result>
		</action>
		
		<action name="approveOrRejectLicense" class="jp.meportal.isv.action.ApprovedLicenseAction" method="approveOrRejectLicense">
			<result name="error">jsp/error.jsp</result>
			<result name="success" type="redirect">initApprovedLicense</result>
			<result name="login" type="redirect">../portal/index.html</result>
		</action>
		<!-- end registerlicense -->
		<!-- License usage status - Start -->
		<action name="viewDetailLicense" class="jp.meportal.isv.action.ManagerLicenseAction" method="viewDetailLicense">
			<result name="error">jsp/error.jsp</result>
			<result name="success">jsp/license/licenseUsageDetail.jsp</result>
			<result name="login" type="redirect">../portal/index.html</result>
		</action>

		<action name="filterByTypeLicense" class="jp.meportal.isv.action.ManagerLicenseAction" method="filterByTypeLicense">
			<result name="success" type="json">
				<param name="noCache">true</param>
				<param name="excludeNullProperties">true</param>
				<param name="enableGZIP">true</param>
				<param name="ignoreHierarchy">false</param>
				<param name="root">action</param>
			</result>
			<result name="error">jsp/error.jsp</result>
			<result name="login" type="redirect">../portal/index.html</result>
		</action>

		<action name="filterDetailLicenseUsage" class="jp.meportal.isv.action.ManagerLicenseAction" method="filterDetailLicenseUsage">
			<result name="success" type="json">
				<param name="noCache">true</param>
				<param name="excludeNullProperties">true</param>
				<param name="enableGZIP">true</param>
				<param name="ignoreHierarchy">false</param>
				<param name="root">action</param>
			</result>
			<result name="error">jsp/error.jsp</result>
			<result name="login" type="redirect">../portal/index.html</result>
		</action>

		<action name="exportDetailLicenseStatus" class="jp.meportal.isv.action.ManagerLicenseAction" method="exportDetailLicenseStatus">
			<result name="success" type="stream">
				<param name="contentType">application/octet-stream</param>
				<param name="inputName">inputFileStream</param>
				<param name="contentDisposition">attachment;filename="${fileName}.csv"</param>
				<param name="bufferSize">1024</param>
			</result>
			<result name="error">jsp/error.jsp</result>
			<result name="login" type="redirect">../portal/index.html</result>
		</action>
		<!-- License usage status - Start -->

		<!-- Project config -->
		<action name="initRegisterProject" class="jp.meportal.isv.action.ProjectAction"
			method="initRegisterProject">
			<result name="error">jsp/error.jsp</result>
			<result name="success">jsp/project/registrationProject.jsp</result>
			<result name="login" type="redirect">../portal/index.html</result>
		</action>
		
		<action name="registerProject" class="jp.meportal.isv.action.ProjectAction"
			method="registerOrUpdateProject">
			<result name="success" type="json">
				<param name="noCache">true</param>
				<param name="excludeNullProperties">true</param>
				<param name="enableGZIP">true</param>
				<param name="ignoreHierarchy">false</param>
				<param name="root">action</param>
			</result>
			<result name="error">jsp/error.jsp</result>
			<result name="login" type="redirect">../portal/index.html</result>
		</action>
		
		<action name="updateProjectRegister" class="jp.meportal.isv.action.ProjectAction"
			method="updateProjectRegister">
			<result name="success" type="json">
				<param name="noCache">true</param>
				<param name="excludeNullProperties">true</param>
				<param name="enableGZIP">true</param>
				<param name="ignoreHierarchy">false</param>
				<param name="root">action</param>
			</result>
			<result name="error">jsp/error.jsp</result>
			<result name="login" type="redirect">../portal/index.html</result>
		</action>

		<action name="updateProjectInfo" class="jp.meportal.isv.action.ProjectAction"
			method="updateProjectInfo">
			<result name="error">jsp/error.jsp</result>
			<result name="success" type="redirect">initRegisterProject</result>
			<result name="login" type="redirect">../portal/index.html</result>
		</action>

		<!-- Member Config -->
		<action name="managerRegisterProjectMember" class="jp.meportal.isv.action.ManagerAction"
			method="registerProjectMember">
			<result name="error">jsp/error.jsp</result>
			<result name="success">jsp/manager/registerMember.jsp</result>
			<result name="login" type="redirect">../portal/index.html</result>
		</action>

		<action name="secondLoadRegisterProjectMember" class="jp.meportal.isv.action.ManagerAction"
			method="moreLoadRegisterMember">
			<result name="success">jsp/manager/registerMember.jsp</result>
			<result name="error">jsp/error.jsp</result>
			<result name="login" type="redirect">../portal/index.html</result>
		</action>

		<action name="secondLoadRegisterProjectMemberById" class="jp.meportal.isv.action.ManagerAction"
			method="moreLoadRegisterMemberById">
			<result name="success">jsp/manager/registerMember.jsp</result>
			<result name="error">jsp/error.jsp</result>
			<result name="login" type="redirect">../portal/index.html</result>
		</action>

		<action name="updateMember" class="jp.meportal.isv.action.ManagerAction"
			method="updateMember">
			<result name="update" type="json">
				<param name="noCache">true</param>
				<param name="excludeNullProperties">true</param>
				<param name="enableGZIP">true</param>
				<param name="ignoreHierarchy">false</param>
				<param name="root">action</param>
			</result>
			<result name="error">jsp/error.jsp</result>
			<result name="login" type="redirect">../portal/index.html</result>
		</action>

		<action name="deleteMember" class="jp.meportal.isv.action.ManagerAction"
			method="deleteMember">
			<result name="delete" type="json">
				<param name="noCache">true</param>
				<param name="excludeNullProperties">true</param>
				<param name="enableGZIP">true</param>
				<param name="ignoreHierarchy">false</param>
				<param name="root">action</param>
			</result>
			<result name="error">jsp/error.jsp</result>
			<result name="login" type="redirect">../portal/index.html</result>
		</action>

		<action name="backToManagerMember" class="jp.meportal.isv.action.ManagerAction"
			method="backToManagerMember">
			<result name="error">jsp/error.jsp</result>
			<result name="success" type="redirect">managerRegisterProjectMember</result>
			<result name="login" type="redirect">../portal/index.html</result>
		</action>

		<action name="memberAdd" class="jp.meportal.isv.action.ManagerAction"
			method="addNewMemberExcecute">
			<result name="success" type="json">
				<param name="noCache">true</param>
				<param name="excludeNullProperties">true</param>
				<param name="enableGZIP">true</param>
				<param name="ignoreHierarchy">false</param>
				<param name="root">action</param>
			</result>
			<result name="error">jsp/error.jsp</result>
			<result name="login" type="redirect">../portal/index.html</result>
		</action>

		<action name="backListProject" class="jp.meportal.isv.action.ManagerAction"
			method="backViewList">
			<result name="success">jsp/manager/viewListProject.jsp</result>
			<result name="login" type="redirect">../portal/index.html</result>
		</action>

		<action name="showProjectMemberInfo" class="jp.meportal.isv.action.ProjectAction"
			method="showProjectMemberInfo">
			<result name="error">jsp/error.jsp</result>
			<result name="success">jsp/project/projectMemberInfo.jsp</result>
			<result name="login" type="redirect">../portal/index.html</result>
		</action>

		<action name="getMemberInfoList" class="jp.meportal.isv.action.ProjectAction"
			method="getMemberInfoList">
			<result name="error">jsp/error.jsp</result>
			<result name="success">jsp/project/projectMemberInfo.jsp</result>
			<result name="login" type="redirect">../portal/index.html</result>
		</action>

		<!-- -Supporter -->
		<action name="initSupporterAction" class="jp.meportal.isv.action.SupporterAction"
			method="initSupporterAction">
			<result name="error">jsp/error.jsp</result>
			<result name="success">jsp/supporter/approveOrRejectProject.jsp</result>
			<result name="login" type="redirect">../portal/index.html</result>
		</action>

		<action name="supporterApproveProject" class="jp.meportal.isv.action.SupporterAction"
			method="approveProject">
			<result name="error">jsp/error.jsp</result>
			<result name="success" type="redirect">initSupporterAction</result>
			<result name="login" type="redirect">../portal/index.html</result>
		</action>

		<action name="supporterRejectProject" class="jp.meportal.isv.action.SupporterAction"
			method="rejectProject">
			<result name="error">jsp/error.jsp</result>
			<result name="success" type="redirect">initSupporterAction</result>
			<result name="login" type="redirect">../portal/index.html</result>
		</action>

		<action name="supporterDeleteProject" class="jp.meportal.isv.action.SupporterAction"
			method="deleteProject">
			<result name="error">jsp/error.jsp</result>
			<result name="success" type="redirect">initSupporterAction</result>
			<result name="login" type="redirect">../portal/index.html</result>
		</action>
	<action name="convertFile" class="jp.meportal.isv.action.FileConvertAction" method="convertFile">
            <result name="success" type="json">
                <param name="noCache">true</param>
                <param name="excludeNullProperties">true</param>
                <param name="enableGZIP">true</param>
                <param name="ignoreHierarchy">false</param>
                <param name="root">action</param>
            </result>
            <result name="error">jsp/error.jsp</result>
        </action>
		<action name="outputDB" class="jp.meportal.isv.action.FileConvertAction" method="outputDB">
			<result name="success" type="json">
				<param name="noCache">true</param>
				<param name="excludeNullProperties">true</param>
				<param name="enableGZIP">true</param>
				<param name="ignoreHierarchy">false</param>
				<param name="root">action</param>
			</result>
			<result name="error">jsp/error.jsp</result>
		</action>
		
		<action name="timerExportCSV" class="jp.meportal.isv.action.FileConvertAction" method="run">
	       <result name="success" type="json">
	           <param name="noCache">true</param>
	           <param name="excludeNullProperties">true</param>
	           <param name="enableGZIP">true</param>
	           <param name="ignoreHierarchy">false</param>
	           <param name="root">action</param>
	       </result>
	       <result name="error">jsp/error.jsp</result>
		</action>

	</package>
</struts>
