<?xml version="1.0" encoding="UTF-8"?>
<!DOCTYPE hibernate-mapping PUBLIC "-//Hibernate/Hibernate Mapping DTD 3.0//EN" "http://www.hibernate.org/dtd/hibernate-mapping-3.0.dtd">
<!-- Generated Oct 14, 2015 3:34:34 PM by Hibernate Tools 4.3.1 -->
<hibernate-mapping>
  <class catalog="MySweetHome" name="com.mysweethome.dal.entity.Administrator" optimistic-lock="version" schema="dbo" table="Administrator">
    <id name="adminAccount" type="string">
      <column name="adminAccount"/>
      <generator class="assigned"/>
    </id>
    <property name="adminPassword" type="string">
      <column name="adminPassword" not-null="true"/>
    </property>
    <property name="gender" type="java.lang.Boolean">
      <column name="gender"/>
    </property>
    <property name="email" type="string">
      <column name="email"/>
    </property>
  </class>
</hibernate-mapping>
