<?xml version="1.0" encoding="UTF-8"?>
<!DOCTYPE hibernate-mapping PUBLIC "-//Hibernate/Hibernate Mapping DTD 3.0//EN" "http://www.hibernate.org/dtd/hibernate-mapping-3.0.dtd">
<!-- Generated Oct 14, 2015 3:34:34 PM by Hibernate Tools 4.3.1 -->
<hibernate-mapping>
  <class catalog="MySweetHome" name="com.mysweethome.dal.entity.BankPolicy" optimistic-lock="version" schema="dbo" table="BankPolicy">
    <id name="bankName" type="string">
      <column name="bankName"/>
      <generator class="assigned"/>
    </id>
    <property name="policyName" type="string">
      <column name="policyName"/>
    </property>
    <property name="minimunToApply" type="java.lang.Double">
      <column name="minimunToApply" precision="53" scale="0"/>
    </property>
    <property name="maximumToApply" type="java.lang.Double">
      <column name="maximumToApply" precision="53" scale="0"/>
    </property>
    <property name="percentageOfLoan" type="java.lang.Double">
      <column name="percentageOfLoan" precision="53" scale="0"/>
    </property>
    <property name="durationOfLoan" type="java.lang.Integer">
      <column name="durationOfLoan"/>
    </property>
    <property name="percentageOfInterests" type="java.lang.Double">
      <column name="percentageOfInterests" precision="53" scale="0"/>
    </property>
  </class>
</hibernate-mapping>
