<?xml version="1.0" encoding="UTF-8"?>
<!DOCTYPE hibernate-mapping PUBLIC "-//Hibernate/Hibernate Mapping DTD 3.0//EN" "http://www.hibernate.org/dtd/hibernate-mapping-3.0.dtd">
<!-- Generated Oct 14, 2015 3:34:34 PM by Hibernate Tools 4.3.1 -->
<hibernate-mapping>
  <class catalog="MySweetHome" name="com.mysweethome.dal.entity.Customer" optimistic-lock="version" schema="dbo" table="Customer">
    <id name="userNo" type="int">
      <column name="userNo"/>
      <generator class="identity"/>
    </id>
    <property name="userName" type="string">
      <column name="userName"/>
    </property>
    <property name="phone" type="string">
      <column name="phone"/>
    </property>
    <property name="address" type="string">
      <column name="address"/>
    </property>
    <property name="email" type="string">
      <column name="email"/>
    </property>
    <property name="gender" type="java.lang.Boolean">
      <column name="gender"/>
    </property>
    <property name="userAccount" type="string">
      <column name="userAccount" not-null="true"/>
    </property>
    <property name="userPassword" type="string">
      <column name="userPassword" not-null="true"/>
    </property>
    <property name="typeUser" type="java.lang.Boolean">
      <column name="typeUser"/>
    </property>
    <property name="isDeleted" type="java.lang.Boolean">
      <column name="isDeleted"/>
    </property>
    <set fetch="select" inverse="true" lazy="true" name="properties" table="Property">
      <key>
        <column name="userNo" not-null="true"/>
      </key>
      <one-to-many class="com.mysweethome.dal.entity.Property"/>
    </set>
  </class>
</hibernate-mapping>
