<?xml version="1.0" encoding="UTF-8"?>
<!DOCTYPE hibernate-mapping PUBLIC "-//Hibernate/Hibernate Mapping DTD 3.0//EN" "http://www.hibernate.org/dtd/hibernate-mapping-3.0.dtd">
<!-- Generated Oct 14, 2015 3:34:34 PM by Hibernate Tools 4.3.1 -->
<hibernate-mapping>
  <class catalog="MySweetHome" name="com.mysweethome.dal.entity.DirectoryCategory" optimistic-lock="version" schema="dbo" table="DirectoryCategory">
    <id name="directoryCategoryId" type="int">
      <column name="directoryCategoryId"/>
      <generator class="identity"/>
    </id>
    <property name="directoryCategoryname" type="string">
      <column name="directoryCategoryname"/>
    </property>
    <property name="isdeleted" type="java.lang.Boolean">
      <column name="isdeleted"/>
    </property>
    <set fetch="select" inverse="true" lazy="true" name="directoryCompanies" table="DirectoryCompany">
      <key>
        <column name="directoryCategoryId" not-null="true"/>
      </key>
      <one-to-many class="com.mysweethome.dal.entity.DirectoryCompany"/>
    </set>
  </class>
</hibernate-mapping>
