<?xml version="1.0" encoding="UTF-8"?>
<!DOCTYPE hibernate-mapping PUBLIC "-//Hibernate/Hibernate Mapping DTD 3.0//EN" "http://www.hibernate.org/dtd/hibernate-mapping-3.0.dtd">
<!-- Generated Oct 14, 2015 3:34:34 PM by Hibernate Tools 4.3.1 -->
<hibernate-mapping>
  <class catalog="MySweetHome" name="com.mysweethome.dal.entity.DirectoryCompany" optimistic-lock="version" schema="dbo" table="DirectoryCompany">
    <id name="directoryComparyId" type="int">
      <column name="directoryComparyId"/>
      <generator class="identity"/>
    </id>
    <many-to-one class="com.mysweethome.dal.entity.DirectoryCategory" fetch="select" name="directoryCategory">
      <column name="directoryCategoryId" not-null="true"/>
    </many-to-one>
    <property name="directoryName" type="string">
      <column name="directoryName"/>
    </property>
    <property name="address" type="string">
      <column name="address"/>
    </property>
    <property name="phone" type="string">
      <column name="phone"/>
    </property>
    <property name="image" type="string">
      <column name="image"/>
    </property>
    <property name="email" type="string">
      <column name="email"/>
    </property>
    <property name="homePageLink" type="string">
      <column name="homePageLink"/>
    </property>
    <property name="isDeleted" type="java.lang.Boolean">
      <column name="isDeleted"/>
    </property>
  </class>
</hibernate-mapping>
