<?xml version="1.0" encoding="UTF-8"?>
<!DOCTYPE hibernate-mapping PUBLIC "-//Hibernate/Hibernate Mapping DTD 3.0//EN" "http://www.hibernate.org/dtd/hibernate-mapping-3.0.dtd">
<!-- Generated Oct 14, 2015 3:34:34 PM by Hibernate Tools 4.3.1 -->
<hibernate-mapping>
  <class catalog="MySweetHome" name="com.mysweethome.dal.entity.Faq" optimistic-lock="version" schema="dbo" table="FAQ">
    <id name="questionId" type="int">
      <column name="questionId"/>
      <generator class="identity"/>
    </id>
    <property name="questionContent" type="string">
      <column name="questionContent"/>
    </property>

    <property name="sender" type="string">
      <column name="sender"/>
    </property>
    <property name="propertyId" type="java.lang.Integer">
      <column name="propertyId"/>
    </property>
    <property name="submitDate" type="timestamp">
      <column length="23" name="submitDate"/>
    </property>
  </class>
</hibernate-mapping>
