<?xml version="1.0" encoding="UTF-8"?>
<!DOCTYPE hibernate-mapping PUBLIC "-//Hibernate/Hibernate Mapping DTD 3.0//EN" "http://www.hibernate.org/dtd/hibernate-mapping-3.0.dtd">
<!-- Generated Oct 14, 2015 3:34:34 PM by Hibernate Tools 4.3.1 -->
<hibernate-mapping>
  <class catalog="MySweetHome" name="com.mysweethome.dal.entity.Property" optimistic-lock="version" schema="dbo" table="Property">
    <id name="propertyId" type="int">
      <column name="propertyId"/>
      <generator class="identity"/>
    </id>
    <many-to-one class="com.mysweethome.dal.entity.Customer" fetch="select" name="customer">
      <column name="userNo" not-null="true"/>
    </many-to-one>
    <many-to-one class="com.mysweethome.dal.entity.Payment" fetch="select" name="payment">
      <column name="modeOfPayment"/>
    </many-to-one>
    <many-to-one class="com.mysweethome.dal.entity.TypeOfProperty" fetch="select" name="typeOfProperty">
      <column name="typeOfPropertyId" not-null="true"/>
    </many-to-one>
    <many-to-one class="com.mysweethome.dal.entity.TypeOfService" fetch="select" name="typeOfService">
      <column name="typeOfServiceId" not-null="true"/>
    </many-to-one>
    <property name="image" type="string">
      <column name="Image"/>
    </property>
    <property name="city" type="string">
      <column name="city"/>
    </property>
    <property name="street" type="string">
      <column name="street"/>
    </property>
    <property name="squareFootage" type="java.lang.Integer">
      <column name="squareFootage"/>
    </property>
    <property name="numberOfBathroom" type="java.lang.Integer">
      <column name="numberOfBathroom"/>
    </property>
    <property name="numberOfBedroom" type="java.lang.Integer">
      <column name="numberOfBedroom"/>
    </property>
    <property name="extraFacilitiesAvailable" type="java.lang.Boolean">
      <column name="extraFacilitiesAvailable"/>
    </property>
    <property name="modesOfTransport" type="string">
      <column name="modesOfTransport"/>
    </property>
    <property name="furniture" type="java.lang.Boolean">
      <column name="furniture"/>
    </property>
    <property name="contactName" type="string">
      <column name="contactName"/>
    </property>
    <property name="contactAddress" type="string">
      <column name="contactAddress"/>
    </property>
    <property name="contactPhone" type="string">
      <column name="contactPhone"/>
    </property>
    <property name="price" type="double">
      <column name="price" not-null="true" precision="53" scale="0"/>
    </property>
    <property name="negotiable" type="java.lang.Boolean">
      <column name="negotiable"/>
    </property>
    <property name="submitDate" type="timestamp">
      <column length="23" name="submitDate"/>
    </property>
    <property name="expiredDate" type="timestamp">
      <column length="23" name="expiredDate"/>
    </property>
    <property name="statusAdvertise" type="java.lang.Boolean">
      <column name="statusAdvertise"/>
    </property>
    <property name="depositPrice" type="java.lang.Float">
      <column name="depositPrice" precision="53" scale="0"/>
    </property>
    <property name="isDeleted" type="boolean">
      <column name="isDeleted" not-null="true"/>
    </property>
  </class>
</hibernate-mapping>
