<?xml version="1.0" encoding="UTF-8"?>
<!DOCTYPE hibernate-mapping PUBLIC "-//Hibernate/Hibernate Mapping DTD 3.0//EN" "http://www.hibernate.org/dtd/hibernate-mapping-3.0.dtd">
<!-- Generated Oct 14, 2015 3:34:34 PM by Hibernate Tools 4.3.1 -->
<hibernate-mapping>
  <class catalog="MySweetHome" name="com.mysweethome.dal.entity.TypeOfService" optimistic-lock="version" schema="dbo" table="TypeOfService">
    <id name="typeOfServiceId" type="int">
      <column name="typeOfServiceId"/>
      <generator class="identity"/>
    </id>
    <property name="nameOfService" type="string">
      <column name="nameOfService"/>
    </property>
    <property name="isDeleted" type="java.lang.Boolean">
      <column name="isDeleted"/>
    </property>
    <set fetch="select" inverse="true" lazy="true" name="properties" table="Property">
      <key>
        <column name="typeOfServiceId" not-null="true"/>
      </key>
      <one-to-many class="com.mysweethome.dal.entity.Property"/>
    </set>
  </class>
</hibernate-mapping>
